input_state,noise_type,noise_probability,fidelity
|0>,none,0.0,0.9999999999999999
|0>,bit_flip,0.0,0.9999999999999999
|0>,bit_flip,0.05,0.9500000000000015
|0>,bit_flip,0.1,0.8999999999999999
|0>,bit_flip,0.15,0.8500000000000001
|0>,bit_flip,0.2,0.7999999999999986
|0>,bit_flip,0.25,0.7499999999999999
|0>,bit_flip,0.3,0.7000000000000011
|0>,bit_flip,0.35,0.649999999999999
|0>,bit_flip,0.4,0.6000000000000008
|0>,bit_flip,0.45,0.5499999999999994
|0>,bit_flip,0.5,0.49999999999999994
|0>,phase_flip,0.0,0.9999999999999999
|0>,phase_flip,0.05,0.9999999999999999
|0>,phase_flip,0.1,0.9999999999999999
|0>,phase_flip,0.15,0.9999999999999999
|0>,phase_flip,0.2,0.9999999999999999
|0>,phase_flip,0.25,0.9999999999999999
|0>,phase_flip,0.3,0.9999999999999999
|0>,phase_flip,0.35,0.9999999999999999
|0>,phase_flip,0.4,0.9999999999999999
|0>,phase_flip,0.45,0.9999999999999999
|0>,phase_flip,0.5,0.9999999999999999
|0>,depolarizing,0.0,0.9999999999999999
|0>,depolarizing,0.05,0.9749999999999995
|0>,depolarizing,0.1,0.9500000000000015
|0>,depolarizing,0.15,0.9249999999999985
|0>,depolarizing,0.2,0.8999999999999999
|0>,depolarizing,0.25,0.8749999999999999
|0>,depolarizing,0.3,0.8500000000000001
|0>,depolarizing,0.35,0.8250000000000014
|0>,depolarizing,0.4,0.7999999999999986
|0>,depolarizing,0.45,0.7749999999999992
|0>,depolarizing,0.5,0.7499999999999999
|1>,none,0.0,0.9999999999999999
|1>,bit_flip,0.0,0.9999999999999999
|1>,bit_flip,0.05,0.9500000000000015
|1>,bit_flip,0.1,0.8999999999999999
|1>,bit_flip,0.15,0.8500000000000001
|1>,bit_flip,0.2,0.7999999999999986
|1>,bit_flip,0.25,0.7499999999999999
|1>,bit_flip,0.3,0.7000000000000011
|1>,bit_flip,0.35,0.649999999999999
|1>,bit_flip,0.4,0.6000000000000008
|1>,bit_flip,0.45,0.5499999999999994
|1>,bit_flip,0.5,0.49999999999999994
|1>,phase_flip,0.0,0.9999999999999999
|1>,phase_flip,0.05,0.9999999999999999
|1>,phase_flip,0.1,0.9999999999999999
|1>,phase_flip,0.15,0.9999999999999999
|1>,phase_flip,0.2,0.9999999999999999
|1>,phase_flip,0.25,0.9999999999999999
|1>,phase_flip,0.3,0.9999999999999999
|1>,phase_flip,0.35,0.9999999999999999
|1>,phase_flip,0.4,0.9999999999999999
|1>,phase_flip,0.45,0.9999999999999999
|1>,phase_flip,0.5,0.9999999999999999
|1>,depolarizing,0.0,0.9999999999999999
|1>,depolarizing,0.05,0.9749999999999995
|1>,depolarizing,0.1,0.9500000000000015
|1>,depolarizing,0.15,0.9249999999999985
|1>,depolarizing,0.2,0.8999999999999999
|1>,depolarizing,0.25,0.8749999999999999
|1>,depolarizing,0.3,0.8500000000000001
|1>,depolarizing,0.35,0.8250000000000014
|1>,depolarizing,0.4,0.7999999999999986
|1>,depolarizing,0.45,0.7749999999999992
|1>,depolarizing,0.5,0.7499999999999999
|+>,none,0.0,0.9999999999999998
|+>,bit_flip,0.0,0.9999999999999998
|+>,bit_flip,0.05,0.9999999999999998
|+>,bit_flip,0.1,0.9999999999999998
|+>,bit_flip,0.15,0.9999999999999998
|+>,bit_flip,0.2,0.9999999999999998
|+>,bit_flip,0.25,0.9999999999999998
|+>,bit_flip,0.3,0.9999999999999998
|+>,bit_flip,0.35,0.9999999999999998
|+>,bit_flip,0.4,0.9999999999999998
|+>,bit_flip,0.45,0.9999999999999998
|+>,bit_flip,0.5,0.9999999999999998
|+>,phase_flip,0.0,0.9999999999999998
|+>,phase_flip,0.05,0.9499999999999997
|+>,phase_flip,0.1,0.8999999999999994
|+>,phase_flip,0.15,0.8500000000000004
|+>,phase_flip,0.2,0.8000000000000004
|+>,phase_flip,0.25,0.7499999999999999
|+>,phase_flip,0.3,0.6999999999999995
|+>,phase_flip,0.35,0.6500000000000001
|+>,phase_flip,0.4,0.5999999999999998
|+>,phase_flip,0.45,0.5499999999999998
|+>,phase_flip,0.5,0.4999999999999999
|+>,depolarizing,0.0,0.9999999999999998
|+>,depolarizing,0.05,0.9750000000000006
|+>,depolarizing,0.1,0.9499999999999997
|+>,depolarizing,0.15,0.9249999999999999
|+>,depolarizing,0.2,0.8999999999999991
|+>,depolarizing,0.25,0.8749999999999998
|+>,depolarizing,0.3,0.8500000000000003
|+>,depolarizing,0.35,0.8249999999999994
|+>,depolarizing,0.4,0.8000000000000004
|+>,depolarizing,0.45,0.7749999999999995
|+>,depolarizing,0.5,0.7499999999999999
|->,none,0.0,0.9999999999999998
|->,bit_flip,0.0,0.9999999999999998
|->,bit_flip,0.05,0.9999999999999998
|->,bit_flip,0.1,0.9999999999999998
|->,bit_flip,0.15,0.9999999999999998
|->,bit_flip,0.2,0.9999999999999998
|->,bit_flip,0.25,0.9999999999999998
|->,bit_flip,0.3,0.9999999999999998
|->,bit_flip,0.35,0.9999999999999998
|->,bit_flip,0.4,0.9999999999999998
|->,bit_flip,0.45,0.9999999999999998
|->,bit_flip,0.5,0.9999999999999998
|->,phase_flip,0.0,0.9999999999999998
|->,phase_flip,0.05,0.9499999999999997
|->,phase_flip,0.1,0.8999999999999994
|->,phase_flip,0.15,0.8500000000000004
|->,phase_flip,0.2,0.8000000000000004
|->,phase_flip,0.25,0.7499999999999999
|->,phase_flip,0.3,0.6999999999999995
|->,phase_flip,0.35,0.6500000000000001
|->,phase_flip,0.4,0.5999999999999998
|->,phase_flip,0.45,0.5499999999999998
|->,phase_flip,0.5,0.4999999999999999
|->,depolarizing,0.0,0.9999999999999998
|->,depolarizing,0.05,0.9750000000000006
|->,depolarizing,0.1,0.9499999999999997
|->,depolarizing,0.15,0.9249999999999999
|->,depolarizing,0.2,0.8999999999999991
|->,depolarizing,0.25,0.8749999999999998
|->,depolarizing,0.3,0.8500000000000003
|->,depolarizing,0.35,0.8249999999999994
|->,depolarizing,0.4,0.8000000000000004
|->,depolarizing,0.45,0.7749999999999995
|->,depolarizing,0.5,0.7499999999999999
|+i>,none,0.0,0.9999999999999998
|+i>,bit_flip,0.0,0.9999999999999998
|+i>,bit_flip,0.05,0.9499999999999997
|+i>,bit_flip,0.1,0.8999999999999991
|+i>,bit_flip,0.15,0.8500000000000004
|+i>,bit_flip,0.2,0.8000000000000004
|+i>,bit_flip,0.25,0.7499999999999999
|+i>,bit_flip,0.3,0.6999999999999995
|+i>,bit_flip,0.35,0.6500000000000001
|+i>,bit_flip,0.4,0.5999999999999998
|+i>,bit_flip,0.45,0.5499999999999998
|+i>,bit_flip,0.5,0.4999999999999999
|+i>,phase_flip,0.0,0.9999999999999998
|+i>,phase_flip,0.05,0.9499999999999997
|+i>,phase_flip,0.1,0.8999999999999994
|+i>,phase_flip,0.15,0.8500000000000004
|+i>,phase_flip,0.2,0.8000000000000004
|+i>,phase_flip,0.25,0.7499999999999999
|+i>,phase_flip,0.3,0.6999999999999995
|+i>,phase_flip,0.35,0.6500000000000001
|+i>,phase_flip,0.4,0.5999999999999998
|+i>,phase_flip,0.45,0.5499999999999998
|+i>,phase_flip,0.5,0.4999999999999999
|+i>,depolarizing,0.0,0.9999999999999998
|+i>,depolarizing,0.05,0.9750000000000006
|+i>,depolarizing,0.1,0.9499999999999997
|+i>,depolarizing,0.15,0.9249999999999999
|+i>,depolarizing,0.2,0.8999999999999991
|+i>,depolarizing,0.25,0.8749999999999998
|+i>,depolarizing,0.3,0.8500000000000003
|+i>,depolarizing,0.35,0.8249999999999994
|+i>,depolarizing,0.4,0.8000000000000004
|+i>,depolarizing,0.45,0.7749999999999995
|+i>,depolarizing,0.5,0.7499999999999999
|-i>,none,0.0,0.9999999999999998
|-i>,bit_flip,0.0,0.9999999999999998
|-i>,bit_flip,0.05,0.9499999999999997
|-i>,bit_flip,0.1,0.8999999999999991
|-i>,bit_flip,0.15,0.8500000000000004
|-i>,bit_flip,0.2,0.8000000000000004
|-i>,bit_flip,0.25,0.7499999999999999
|-i>,bit_flip,0.3,0.6999999999999995
|-i>,bit_flip,0.35,0.6500000000000001
|-i>,bit_flip,0.4,0.5999999999999998
|-i>,bit_flip,0.45,0.5499999999999998
|-i>,bit_flip,0.5,0.4999999999999999
|-i>,phase_flip,0.0,0.9999999999999998
|-i>,phase_flip,0.05,0.9499999999999997
|-i>,phase_flip,0.1,0.8999999999999994
|-i>,phase_flip,0.15,0.8500000000000004
|-i>,phase_flip,0.2,0.8000000000000004
|-i>,phase_flip,0.25,0.7499999999999999
|-i>,phase_flip,0.3,0.6999999999999995
|-i>,phase_flip,0.35,0.6500000000000001
|-i>,phase_flip,0.4,0.5999999999999998
|-i>,phase_flip,0.45,0.5499999999999998
|-i>,phase_flip,0.5,0.4999999999999999
|-i>,depolarizing,0.0,0.9999999999999998
|-i>,depolarizing,0.05,0.9750000000000006
|-i>,depolarizing,0.1,0.9499999999999997
|-i>,depolarizing,0.15,0.9249999999999999
|-i>,depolarizing,0.2,0.8999999999999991
|-i>,depolarizing,0.25,0.8749999999999998
|-i>,depolarizing,0.3,0.8500000000000003
|-i>,depolarizing,0.35,0.8249999999999994
|-i>,depolarizing,0.4,0.8000000000000004
|-i>,depolarizing,0.45,0.7749999999999995
|-i>,depolarizing,0.5,0.7499999999999999
