noise_type,noise_probability,score
bit_flip,0.0,0.9931640625
bit_flip,0.05,0.986328125
bit_flip,0.1,0.9765625
bit_flip,0.15,0.994140625
bit_flip,0.2,0.9970703125
bit_flip,0.25,0.998046875
bit_flip,0.3,0.998046875
bit_flip,0.35,0.99609375
bit_flip,0.4,0.9931640625
bit_flip,0.45,0.962890625
bit_flip,0.5,0.994140625
phase_flip,0.0,0.98828125
phase_flip,0.05,0.98828125
phase_flip,0.1,0.98046875
phase_flip,0.15,0.9892578125
phase_flip,0.2,0.984375
phase_flip,0.25,0.994140625
phase_flip,0.3,0.998046875
phase_flip,0.35,0.9873046875
phase_flip,0.4,0.990234375
phase_flip,0.45,0.990234375
phase_flip,0.5,0.986328125
depolarizing,0.0,0.998046875
depolarizing,0.05,0.9990234375
depolarizing,0.1,0.986328125
depolarizing,0.15,0.994140625
depolarizing,0.2,0.9931640625
depolarizing,0.25,0.9912109375
depolarizing,0.3,0.9794921875
depolarizing,0.35,0.9697265625
depolarizing,0.4,0.9853515625
depolarizing,0.45,0.982421875
depolarizing,0.5,0.9990234375
